track.name,track.id,track.album.name,simplified_genre
Set to Attack,7sI80PK0P3tDCvULKszqzL,Francis Trouble,rock
Strangers,6l7EWyRzo2mkMkxDKI8NZ7,Francis Trouble,rock
Taken for a Fool,6SdAztAqklk1zAmUHhU4N7,Angles,rock
Automatic Stop,6DUKQUhWqUySYngLXLNwP2,Room On Fire,rock
12:51,6Yu1OL8I0D4vjOzYdsXYGK,Room On Fire,rock
You Talk Way Too Much,6lnnaGN20kl0jEYJSxCgU9,Room On Fire,rock
Meet Me in the Bathroom,08l9WKDuRyGeStQ9ojTlFh,Room On Fire,rock
Threat of Joy,6YQeOwMMAkB9MV9yMWmrjh,Future Present Past,rock
One Way Trigger,5GKVcvTgnFYtfh25qKQtRg,Comedown Machine,rock
Call Me Back,6z5mh42xSM54RncKZMM8hS,Angles,rock
When It Started,3iiObSfkcBsETljmSB4Hcs,Is This It,rock
Is This It,0jBE7Fn78EAvmIs3dCd6GO,Is This It,rock
Soma,6gU7ohksNd6LsEJMWfDRhp,Is This It,rock
Someday,7hm4HTk9encxT0LYC0J6oI,Is This It,rock
"Alone, Together",4UmJMAY5TqXPAnsDW1Mci7,Is This It,rock
Trying Your Luck,5KupfEBaVJwL7D2ZN0n1Q1,Is This It,rock
You Only Live Once,4fPBB44eDH71YohayI4eKV,First Impressions Of Earth,rock
Ize of the World,1TbK5nWKIxZYIRVurMvkuR,First Impressions Of Earth,rock
Happy Ending,1OXGJ7jRok4c3KBnIYkuwH,Comedown Machine,rock
Lazy Boy,5xXkyBtG1sNIhkpCIxF0Il,Virtue,rock
Pyramid of Bones,0tfvDUmADEEEqrPcRJNT29,Virtue,rock
Instant Crush (feat. Julian Casablancas),2cGxRwrMyEAp8dEbuZaVv6,Random Access Memories,other
95 Radios,46pKXSkEQfqB0wEy5uxtcG,Brick Body Kids Still Daydream,hip hop
Leave It In My Dreams,31u6rUeIEXGrYVoh10U7eu,Virtue,rock
Human Sadness,2avCzL6HtaJ5Nspq2fVFQe,Tyranny,rock
Life Is Simple in the Moonlight,4ileLT7ldd2uX8bMemWqbm,Angles,rock
Fast Times,6b7B92At6GcqZwndlhpSH7,Fast Times,rock
More to Life,1UrvESEfYBjNB6otQWdyRj,More to Life,rock
Muted Beatings,2iLkTMUJ2MCsry5yYiafCg,Francis Trouble,rock
Tea for Two,68qYhu1du0kbiyAtnIKNLh,Francis Trouble,rock
No One There (feat. Julian Casablancas),5Uv745RQ6uXics2lpvypZy,Last Dance,rock
Side Boob,6APntjRiq5YEH9AtI1mNlV,Momentary Masters,rock
Four Out Of Five,4JeTkHQcajdkhGwaGsaKMT,Tranquility Base Hotel & Casino,rock
Luv(sic.) pt3 (feat. Shing02),4xlpJ99yL9xYQtzG6c3hwk,Modal Soul,hip hop
Daydreaming in the Projects,1Vb2J33frYj5xiTyz7mB50,Brick Body Kids Still Daydream,hip hop
Father Electricity,65ZXieFfjnc5RdWDDpYZNb,Tyranny,rock
Cantaloop (Flip Fantasia),2AnTuxahfcAS7dGxGZnihY,Hand On The Torch,hip hop
Brick Body Complex,7tlGq6EAEIWsv7srZWc5f7,Brick Body Kids Still Daydream,hip hop
(How Could Anybody) Feel at Home,0V6QNE31BWyMuiKlvDRnE9,Brick Body Kids Still Daydream,hip hop
I'm Sorry We Lied,7CZVRcSQovpWUtG8FeDqMU,Coastal Grooves,hip hop
Dancing in the Moonlight,0q21FNwES2bbtcduB6kjEU,Dancing in the Moonlight,rock
Games,5pFSbiW5XewiQONONBQbqF,Angles,rock
River of Brakelights,6ETWn02Bv8JIYXHvSoQD5u,Phrazes For The Young,rock
Caught By My Shadow,3qrvuhiRAAHwNqmKsvhv7i,Momentary Masters,rock
Pink Ocean,4WFcerMZkAIcIizZYXNNrb,Virtue,rock
Little Girl (feat. Julian Casablancas),6lGzMfAWjZbvPPf8SLpu0Y,Dark Night of The Soul,rock
Aquarius,0WviwuG403gqtW6bZevBpP,Hair,other
Drunched In Crumbs,1IecEbWHvnC6kiwDutTUX1,Momentary Masters,rock
Moonlight,0JP9xo3adEtGSdUEISiszL,?,hip hop
The Race,3wGXyJGsCf1myH5MooQIqE,#SantanaWorld (+),hip hop
Celebrity Reduction Prayer (feat. Open Mike Eagle & Oddisee),67kLHRXKEjlfz6KrdVM0eU,Persona,hip hop
Spooky Couch,1wRCg1JyRmbJEg9ESOMlVp,Como Te Llama?,rock
Watermelon Man,2zQl59dZMzwhrmeSBEgiXY,Head Hunters,other
Maneater,4aKIs5t9TqP59btlCGPrgw,H2O,rock
Falling Down - Bonus Track,4jvjzW7Hm0yK4LvvE0Paz9,"Come Over When You're Sober, Pt. 2",hip hop
Accordion,2nS9ZKPQxpPGITt3lZrRjK,Madvillainy,hip hop
Baby I'm Yours,0tZkVZ9DeAa0MNK2gY5NtV,By Your Side,other
Souvenir,2prHMFvkekTqqFdB5r6QJJ,So The Flies Don't Come,hip hop
Tap Out,2ThdB23G9Rgf1ExndFGEEg,Comedown Machine,rock
The Guidelines,0WyVk0P8TbNUBeUOaSAdfn,A Book of Human Language,hip hop
Still D.R.E.,503OTo2dSqe7qk76rgsbep,2001,hip hop
Nice For What,3CA9pLiwRIGtUBiMjbZmRw,Scorpion,hip hop
Trouble Man,15pYj5ZiUJgBydzD7w6NbJ,Trouble Man: 40th Anniversary Expanded Edition,other
Johan Von Bronx,68LAG7FkseIJOqwtRjnylF,Tyranny,rock
Don't Stop Me Now - Remastered 2011,7hQJA50XrCWABAu5v6QZ4i,Jazz (Deluxe Remastered Version),rock
Chain Gang,7v1858htfU0srTDwhxeka8,Swing Low,other
Lady Brown (feat. Cise Starr from CYNE),0JL9TZip7mL7iwC5EOkALS,Metaphorical Music,hip hop
Rocky's Late Night,3AgrcbfCREzW0kGFUNJnqW,Francis Trouble,rock
Learn Your Lesson,5qIAgpKDLMIHOTipH47PFu,Today Is History,rock
Always Jealous,59FZc1AhTCWWnxrg373t7s,Today Is History,rock
Feather (feat. Cise Starr & Akin from CYNE),2ej1A2Ze6P2EOW7KfIosZR,Modal Soul,hip hop
In Transit,1Jte640nBiOWyuD7N0odNZ,Yours to Keep,rock
Under Pressure - Remastered 2011,11IzgLRXV7Cgek3tEgGgjw,Hot Space (Deluxe Remastered Version),rock
Cha La Head Chala,36la4AQp7vTlCRNyC5NLry,3XL Manga i Anime,rock
Lotus Eater,6ReKt5x6FVUXTMdWNC6GAQ,Sacred Hearts Club,rock
I Don't Know You,4cJOLN346rtOty3UPACsao,I Don't Know You,rock
Microfiche,4zVeDhzxooxOe1k49j9m5e,What Happens When I Try to Relax,hip hop
The Next Time Around,6sT8KTifge2F0lcdtyDkDa,Little Joy (US Edition),rock
Razors Edge,4H85bUU8UF8YPFhNYJXt3d,Momentary Masters,rock
THAT'S THAT,3ZWc3Bm8eUMRRJhSWKHHeV,BORN LIKE THIS,hip hop
Chances,718purgMpFb2Axhuz0Hbq1,Comedown Machine,rock
Qualifiers,08u83xFnbotiLYfptooHGt,Dark Comedy,hip hop
Ziggy Starfish (Anxiety Raps) [feat. Gold Panda],7fjLBPTsQrbkV2WRedi2bw,A Special Episode - EP,hip hop
Worlds to Run,0o1OgAV4hlV6SKemtsQ4R4,Thumbs,hip hop
Calling You All Night,0WNo7oGkfjgbMRLrTa8Nqy,Lounge Lovers on Standby,rock
My Kind of Crisis,2eEUSZJJ9UCUTaEOkm7pUN,Today Is History,rock
Rewind,3Hjw18zl0HE71aGgSo8Jcm,Rewind,rock
Thieves In The Night,7prM6PuZ5psmHNKhpznKbP,Mos Def & Talib Kweli Are Black Star,hip hop
The Otherground Pizza Party,1eFktbY25CGTb0BDYKRsUo,things that happen at day // things that happen at night,hip hop
Night Ride,2ZQ3CJY6iddn38oOoPGKfb,City Club,rock
"Call It Fate, Call It Karma",3Y4rUyw7XBCK6hGHCOt6rp,Comedown Machine,rock
The Eternal Tao,1NGodWzGlxxkOrgqHO6g3K,The Eternal Tao,rock
EARFQUAKE,5hVghJ4KaYES3BFUATCYn0,IGOR,hip hop
3005,2ZltjIqztEpZtafc8w0I9t,Because the Internet,hip hop
Plastic Love,6w9Ob2zjMx1o614BI9wZsI,Broken Love,other
Much,5tbk2TtmG9905obtPrbK4O,Thumbs,hip hop
Dare I Care,0eLiaA1XEtztloEOdTgAeX,Tyranny,rock
Did My Best,0hmxVkpxbcdHAXUoZ7DeCQ,Did My Best,rock
Sunflower - Spider-Man: Into the Spider-Verse,3KkXRkHbMCARz0aVfEt68P,Spider-Man: Into the Spider-Verse (Soundtrack From & Inspired by the Motion Picture),hip hop
Vaudeville Villain,6rkV9hz91Rr5iHnMRPZdEQ,Vaudeville Villain,hip hop
Can I Watch? (feat. Apani B as Nikki),4i4P1ACAeWcyJTxQSd0prx,Vaudeville Villain,hip hop
Lactose and Lecithin,63Iv8NhccFc2qXgIsrDo4Q,Vaudeville Villain,hip hop
Hymnal,0uP17B2t9Px8qBTgFl6Z1g,Brick Body Kids Still Daydream,hip hop
All Caps,1Y2ExJJ9Dmb9po8K0ybSj3,Madvillainy,hip hop
Vomitspit,07nA7gafu75RjIkAUxtjjr,MM...FOOD,hip hop
"I'll Try Anything Once - Live From Electric Lady Studios for WRXP, New York",1k4OsQujxXPLij0ZsTFlMx,Live From Electric Lady Studios/WRXP New York,rock
No Tony (feat. Phra),2cMmlJaE8T2JVdptokAm2c,All Wet,other
Deep Fried Frenz,12Lemsk6c6ohm9afZxYUBz,MM...FOOD,hip hop
"Open Mic Nite, Pt. 2 (feat. Lord Sear & Hydro)",5XRO5KnH7OvMPElYl8QYkD,Vaudeville Villain,hip hop
Doomsday,4tSLFGKiSO4O1d5aXJUpGJ,Operation Doomsday: Original Version Remastered,hip hop
Corner Story,6O4zEx1kzm32mXlUIOthSw,Future Development,hip hop
Slippery Slope,55fAj4qSvcmbwW0io4Wvhd,Free Sweatpants,hip hop
Otha Fish,1KcZRMyC2tSs3CMIsng9wx,Bizarre Ride II The Pharcyde,hip hop
Rapp Snitch Knishes feat. Mr. Fantastik,25kGNSv0yGXZKaC79xzrvg,MM...FOOD,hip hop
Fancy Clown,6WnYONkaYOchkMXUz0Eu0W,Madvillainy,hip hop
Gravy Train,3qOkkP9JLltoUvaLjEXTmW,Sensational,hip hop
GAZZILLION EAR,7hZdzXAe5g7P23RAlnFFaB,BORN LIKE THIS,hip hop
Tainted Love,58E1XVmZTODC67YNjneuXM,Non-Stop Erotic Cabaret,rock
Everything She Wants,5hXEcqQhEjfZdbIZLO8mf2,Make It Big,rock
Snake Eater,2e3g8go386Zn6EyIz60Ci9,METAL GEAR 20th ANNIVERSARY METAL GEAR MUSIC COLLECTION,other
The Trio - 2004 Remaster,6tGtkJtXZytZhugipYJTCj,"The Good, The Bad And The Ugly [Original Motion Picture Soundtrack / (Remastered & Expanded)]",other
Sins of The Father,1ZcN6PlhKWUacWjDC7uRsB,METAL GEAR SOLID Ⅴ ORIGINAL SOUNDTRACK SELECTION,other
People Ii: The Reckoning,35ycG8vBnHjAfw1Q5WDl76,People Who Can Eat People Are the Luckiest People in the World,rock
A Song Dedicated to the Memory of Stormy the Rabbit,3eG1hZzHlXvLMaSzlltbLA,People Who Can Eat People Are the Luckiest People in the World,rock
We Didn't Come Here to Rock,3vkyJalLj2crZjBg3YN5jm,Can't Maintain,rock
Instant Karma! (We All Shine On) - Remastered 2010,2E9wKgL8NN7Tvydqcjoh7v,Gimme Some Truth,rock
White Room,3Xls4cNOwy01dtrNXb1inG,Wheels Of Fire,rock
Fool in the Rain - 1990 Remaster,62p6fF2r4NY6pwZbxxvmr8,In Through the out Door (1994 Remaster),rock
Telephone Line,3SPcBPzvbmWLl8NU5efx4W,A New World Record,rock
Concerto for Philodendron & Pothos,3uq0KsaRzTtqwDYLdV3zON,Mother Earth's Plantasia,other
Rewind,6LR0umY2XFQv7FybMUf7cW,What Happened,rock
Shiki No Uta,6YN4XKUaE8HtqL5S1sZXC9,Shiki No Uta,hip hop
Life on Mars? - 2015 Remaster,3ZE3wv8V3w2T2f7nOCjV0N,Hunky Dory (2015 Remaster),rock
All Through the Night,2CIDqYfIYfl9vx02wIyCG9,She's So Unusual,rock
Modern Girls & Old Fashion Men,4yVixayMpxm2MUGOePA192,Modern Girls & Old Fashion Men,rock
Objects of Desire,750BRkrH6lVuyudAHfi7Sk,NSFW,rock
"Concerto No. 4 in F Minor, Op. 8, RV 297 ""L'inverno"": I. Allegro non molto",4Agw3BjEfyBYplvJXB5Y3i,Antonio Vivaldi: Le Quattro Stagione,other
Never Dead (feat. M. Sayyid as Curis Strifer),29XBHZKdcXAg8deuEVyoeI,Vaudeville Villain,hip hop
i miss you,021sNzTndU8LVmDJDqvwXp,i miss you,rock
I Can't Handle Change,0I1eFRytp4XRhLCjT6tZm7,I Can't Handle Change,rock
shining on my ex,3mBRfojfwsGouVPJHhiVd9,shining on my ex,hip hop
Rocket Jump Waltz,1fTJkW8b8hhh1ebYI6Md6E,Fight Songs: The Music of Team Fortress 2,other
Chamber Of Reflection,1MJ5f5EYBC92ADD6xcz7nb,Salad Days,rock
Shiki No Uta,7Eyj9NYnHec30O9ANkloFo,Shiki No Uta,hip hop
Attitude City,50m9gWSRz1NEO07sBNk3bB,Attitude City,rock
At The Door,7dz48pntblPzJ9mTPiUH81,At The Door,rock
Luv (Sic),6TxDFfXqraQlaCS2DNfy5w,FIRST COLLECTION,hip hop
Johan Von Bronx,3dWaDHwsvudH9vywNjVUVf,Tyranny,rock
Where No Eagles Fly,25FYpwvSt61i16hs8qvoqe,Tyranny,rock
Father Electricity,1VeHgjA3KTfiMYM4pL1nXX,Tyranny,rock
Dare I Care,3QFwqMCEkE5ZItQhMksIbB,Tyranny,rock
Poison,6m59VvDUi0UQsB2eZ9wVbH,Poison,hip hop
Bad Decisions,6e2pJqucDMxbp061B40r6O,Bad Decisions,rock
My Mistakes Were Made For You,0Ls4WLphg1obbq7wTPiy7k,The Age Of The Understatement,rock
Back & Forth,1gmMT3M39KRng8QL5hi2sU,PEEK,rock
Two Princes,4ePP9So5xRzspjLFVVbj90,Pocket Full Of Kryptonite,rock
Late Nights,3vVxsVkGfRDxKBS2zgm1G3,What Happened,rock
All These Hours,0ZCvrw84E2lWEs248a7MdQ,What Happened,rock
Boogie,7wY7lVCXz1OTDqYqIau1FF,Lounge Lovers on Standby,rock
Wait and See,5o4TK4PI9WCyNjrrpeDnPc,Lounge Lovers on Standby,rock
Ms. Fat Booty,0IVAlb0cFCH1cQ974iR1TU,Black On Both Sides,hip hop
Education (feat. Yasiin Bey & Black Thought),7kYqWxsKFTQYSUkEmkepFF,Bandana,hip hop
Red Light,6KXuDNOwiNR0q7KLGXs3Bo,First Impressions Of Earth,rock
"11th Dimension - Live From Electric Lady Studios for WRXP, New York",2wzCkpZL6NU3Jyu9vcE2SR,Live From Electric Lady Studios/WRXP New York,rock
Selfless,2t0wwvR15fc3K1ey8OiOaN,The New Abnormal,rock
Eternal Summer,6IRzBP4gVoV4D2zHmocoWy,The New Abnormal,rock
Respiration,5mxVKAuunOKqcBfR5ivbRf,Mos Def & Talib Kweli Are Black Star,hip hop
Plastic Beach (feat. Mick Jones and Paul Simonon),2nZ33CKRbgpJQJJQKHuGXb,Plastic Beach,rock
A Certain Romance,2CbtdkBeW9Znt4vXTOafAl,"Whatever People Say I Am, That's What I'm Not",rock
When The Sun Goes Down,0ZRrJTPXDToRJ2iLo9oLrW,"Whatever People Say I Am, That's What I'm Not",rock
City Club,6Ig2iLUX11ZNpI7EBCZqyt,City Club,rock
Dope on a Rope,76c1AuZodByXM3X2k48wju,City Club,rock
I'll Be Around,1EXMtjti643XyQLiGDdki0,City Club,rock
The Daisy Chain,2iijuy8T2fbB3qJgptndFp,City Club,rock
Alien Crime Lord,4S5T3NPeWSPqgb3ElxL8MN,Alien Crime Lord,rock
Standing Next To Me,7d4W06sKxGEm40rYdQgEtt,The Age Of The Understatement,rock
Strange Tidings,6y65bThNd87eXzK90zVvBa,AHJ,rock
Pretty Old Man,09fNyeCFUbrTor4DY7kX2b,Boys Missed The Bus,rock
NAN CHUN 난춘,320twJYO0LC64eWCuCC5vj,NAN CHUN 난춘,rock
Dong 덩,6kcnFRTsf7DaJWwu1QbBvd,Nonadaptation 비적응,rock
Stranger 이방인,6hrEjVNhEqFSdmrtCJVPVt,Nonadaptation 비적응,rock
Wi Ing Wi Ing,66UcQu5LBo2A7AC0A5r0lI,20,rock
Secret Door,7IUBw7EUgcjzGV6zv9fkLX,Humbug,rock
Pattern,0kA5wK89nsYHQ22UKzcFGv,Everything You've Come To Expect (Deluxe Edition),rock
Bad Habits,4lJCw7GFijl5Kn2iizagwU,Everything You've Come To Expect (Deluxe Edition),rock
Dracula Teeth,1x9EqJg2UOhlhDAaTUyOIZ,Everything You've Come To Expect (Deluxe Edition),rock
Can You Feel My Heart,0WSa1sucoNRcEeULlZVQXj,Sempiternal (Expanded Edition),rock
Trying Trying,6V6zRA5jxaKalrSc3eHFiY,Imagine Siblings / Number Four or Five‬ / Trying Trying,rock
Beat laments the world,5tO3pr49SdxO05TNlYHfHT,Metaphorical Music,hip hop
"Sweet Dreams, TN",3asj3OMn7BkuWOxsdkYybG,Everything You've Come To Expect,rock
Redbone,0wXuerDYiBnERgIpbb3JBR,"""Awaken, My Love!""",hip hop
It Was A Good Day,2qOm7ukLyHUXWyR4ZWLwxA,The Predator,hip hop
Riot Van,0RN9h0ojhQWtAD6O8X7Zzp,"Whatever People Say I Am, That's What I'm Not",rock
SLOW DANCING IN THE DARK,0rKtyWc8bvkriBthvHKY8d,BALLADS 1,other
Orgasm of Death,4m3uMuu1gYYjZPtZvTOe6t,Casual Acquaintances,rock
I Get Around,4voEoczU7Ijborps9XF1n3,Strictly 4 My N.I.G.G.A.Z...,hip hop
You Know How We Do It,2Ih217RCGAmyQR68Nn7Cqo,Lethal Injection,hip hop
You Fuckers Were Asking for This One - Boin Edit,4p9ip3oAU1pB5b5PahVmd1,You Fuckers Were Asking for This One (Boin Edit),hip hop
What a Nigga Know?,6ZClQUx5QAuTuR2v2wx37F,Black Bastards Deluxe Edition,hip hop
Sameolemeek,0CUJEDKDLddR0cojCVsXN1,"Meek, Vol. 6",hip hop
The Nigga Ya Love To Hate,3Mzqw2mz9YMKjjCEmypYfZ,AmeriKKKa's Most Wanted,hip hop
100 Miles And Runnin',0X87YlD94elwfFPvYAP1Gy,100 Miles And Runnin',hip hop
Do For Love,4AE7Lj39VnSZNOmGH2iZaq,R U Still Down? [Remember Me],hip hop
Kon Queso,13AzkgqOT4PHx5aXxihF0n,MM...FOOD,hip hop
Write This Down,3RzTfqRCJjO18SBENG58n8,Sunflower in the Sunlight,hip hop
All Caps,21O0XXPEWPtePt5RMY93Ob,Madvillainy,hip hop
Much,4YWXPsw94zdKDkXN9MDQAn,Thumbs,hip hop
Behind Bars,1kxq2ByL62HX8YQQdvK3mz,Behind Bars,hip hop
Two Words,62wtttQzoIA9HnNmGVd9Yq,The College Dropout,hip hop
Dead Presidents II,3nDYsXggRQxf7PCNUjR4rz,Reasonable Doubt,hip hop
Marcy Me,5oynsOy80DnodTslgaj3cr,4:44,hip hop
10mins_,6EAlfcokJbvtJnErmJJFjk,"Meek, Vol. 4",hip hop
Gethechange,0daFQZl40teSgAHup4fW8V,"Meek, Vol. 5",hip hop
Song Cry,19ELgyBdMcEjGcbFHcY1ba,The Blueprint,hip hop
Jesus Walks,5g1vtHqi9uV7xtYeCcFOBx,The College Dropout,hip hop
No More Parties In LA,0zLClc0emc6qUeV1p5nc99,The Life Of Pablo,hip hop
Oldie,53dkS3h9uTNsWYZTPacnpx,The OF Tape Vol. 2,hip hop
Devil In A New Dress,1UGD3lW3tDmgZfAVDh6w7r,My Beautiful Dark Twisted Fantasy,hip hop
Flat,1VMsPh2SsgtOuNT7zjZyqA,"Meek, Vol. 5",hip hop
Ben&frank,7tahsBfZlvuw5T8V33uIbF,"Meek, Vol. 4",hip hop
"Got My Mind Made Up (ft. Dat Nigga Daz, Kurupt, Method Man, Redman)",5iTyKHHx9efbjrOXPP48gG,All Eyez On Me,hip hop
Wouldn't Get Far,39yRhjDdSTP4A7VehxBXDb,Doctor's Advocate,hip hop
Cornerstone,3MC4XRbQADJdW9IIIwbe2u,Humbug,rock
Mardy Bum,3geFzA6VBSNZUTmV3bCry6,"Whatever People Say I Am, That's What I'm Not",rock
Spring Has Sprung,4MJZSCObbe4cmjdgYufNg1,Spring Has Sprung,rock
No. 1 Party Anthem,5TTGoX70AFrTvuEtqHK37S,AM,rock
Why'd You Only Call Me When You're High?,086myS9r57YsLbJpU0TgK9,AM,rock
The Bakery,3t78lCyQdyqpPpOOJ5UWNp,Fluorescent Adolescent,rock
Drive Slow,6vB49BJ70zBpDrrAPwdaB8,Late Registration,hip hop
Touch The Sky,2dxjKgT0li4qBI3QwuN9Ih,Late Registration,hip hop
Team,3G6hD9B2ZHOsgf4WfNu7X1,Pure Heroine,other
Fall In Love,2KBo6O5rkNdtYT3wYjkEkq,"Fantastic, Vol. 2.10",hip hop
I Wonder,7rbECVPkY5UODxoOUVKZnA,Graduation,hip hop
Not The Man,0yi7HA44Dk6MoPDI4jlTLk,Chinese Fountain,rock
Coinstar,3t6pUTsl3iUe3YqOZrTcyJ,Natural Affair,rock
Separate Ways (Worlds Apart),4ECNtOnqzxutZkXP4TE3n3,Frontiers,rock
GfC,2wm3tJarIFNydVe0lRiBN9,Como Te Llama?,rock
30 Minute Boyfriend,0ewGf37qQuShGtZqLAuDT9,Phrazes For The Young,rock
Electricityscape,0bZdpukYLaMgtR4LCUhTDp,First Impressions Of Earth,rock
Broken,3THFKx88trZuOFlssVLJ5G,Plastic Beach,rock
BLOODY STREAM,3BSPKTravgBDjmuG1rIXvw,BLOODY STREAM,rock
Bardock Falls,6y5dlIvllOZQ53t6FrG8th,Bardock Falls,rock
Midnight Train 심야행,6Fjg9svm5Wob5lbsygSnq4,Nonadaptation 비적응,rock
Go Back 집에,197OXtsiu7HujhhXYvJjEt,Nonadaptation 비적응,rock
Winter 눈,4YVA21Db1AbASkjpXRhykz,Nonadaptation 비적응,rock
Ung 엉,6veVhn7H8MS7jfgmtw959y,Nonadaptation 비적응,rock
E 이,6mae0IijCFyOnkuGyjrd5G,Nonadaptation 비적응,rock
She's My Collar (feat. Kali Uchis),3lIxtCaROdRDuTnNBDm3n2,Humanz (Deluxe),rock
Saturnz Barz (feat. Popcaan),2oJInAFXiQYLgz0jh9MrXf,Saturnz Barz (feat. Popcaan),rock
Fire Flies,2sZuYdRbQe5zm1pcxweNC8,Fire Flies,rock
A Long Dream,4nXbMeiYZCMxl2B7NvxLdR,A Long Dream,rock
The Wave,0ZlIv0GSqYEKQK5Zf5cZTM,Summer Plumage,rock
Jayu 자유,5vlUplZyrXnN0bbejrKfqu,Jayu 자유,rock
Boom - Street Version,0mBAdbKjyG1uANV6jD5trK,Boom/Soldier's Story,hip hop
Selfish,7sZCAHP2duHwr5M5K7lHsb,Detroit Deli (A Taste Of Detroit),hip hop
Two Kinds of Happiness,10rOqbOBlAJybglgmqaMZL,Angles,rock
Rebel Rebel - 2016 Remaster,2EC9IJj7g0mN1Q5VrZkiYY,Diamond Dogs (2016 Remaster),rock
The Perfect Girl,5RBOcBpJXaNnHCGViJmYhh,The Perfect Girl,rock
See You Again (feat. Kali Uchis),7KA4W4McWYRpgf0fWsJZWB,Flower Boy,hip hop
How Do U Want It,1ZB2zIoc8AjSuyqKRcJgbO,Greatest Hits,hip hop
Change Clothes,1xE7osYAtzz1PvLoVdOp5E,The Black Album,hip hop
Smells Like Teen Spirit,5ghIJDpPoe3CfHMGu71E6T,Nevermind (Remastered),rock
This Can't Be Life,4UPyqSVCf0ukiBbi0MvLDW,The Dynasty: Roc La Familia,hip hop
Family Business,5DBmXF7QO43Cuy9yqva116,The College Dropout,hip hop
Angeleyes,7rWgGyRK7RAqAAXy4bLft9,Voulez-Vous,rock
Father Stretch,2tLH5EsewbZNvmWidJqzDF,Jesus Is Born,hip hop
Turn to Stone,1Pd1h30mgU05QkWYhgFzwt,Out of the Blue,rock
Conquest (Fire Emblem: Awakening),7GUdZH0lYiOlfBsWrhMwHp,Fire Emblem: Solo Piano,other
"The Edge of Dawn (Seasons of Warfare) [From ""Fire Emblem: Three Houses""] [For Piano Solo]",4e3YHZboBSTGdjbl9cacU2,Fire Emblem: Three Houses Flute & Piano Collections,other
Bad Habit,5CM4UuQ9Gnd6K2YyKGPMoK,Bad Habit,rock
Miss Independent,34ceTg8ChN5HjrqiIYCn9Q,Year Of The Gentleman (Bonus Track Edition),other
Passin' Me By,4G3dZN9o3o2X4VKwt4CLts,Bizarre Ride II The Pharcyde,hip hop
Wu-Tang: 7th Chamber,5wcY4XgawQ2se8VjDLhedQ,Enter The Wu-Tang (36 Chambers) [Expanded Edition],hip hop
It's Been A Long Time,4sMH75ctV0RVSOHZqXJpHD,The 18th Letter / The Book Of Life,hip hop
Party And Bullshit,5mqPg2dyqb1gBNyg9ycGcT,Whos The Man ? Soundtrack,hip hop
Represent,6DPrhGVJ1WTZvM9fKptnGe,Illmatic,hip hop
Dillatronic 35,6oOr5im8qahxu4GR7MkCG2,Dillatronic,hip hop
"Da Mystery of Chessboxin' (feat. Method Man, U-God, Inspectah Deck, Raekwon, Ol' Dirty Bastard, Ghostface Killah & Masta Killa)",4xOTVtbCPcfxMs2hSt9D6i,Enter The Wu-Tang (36 Chambers) [Expanded Edition],hip hop
Can It Be All so Simple,6OCYTygzbVwil2UFkREQiD,The Essential Wu-Tang Clan,hip hop
AmeriKKKa's Most Wanted,2mYnMZOESVQeUcbvxR1lYi,AmeriKKKa's Most Wanted,hip hop
"Tearz (feat. RZA, Ghostface Killah, Raekwon & Inspectah Deck)",7y5zXpTN4J7K0PngQYa655,Enter The Wu-Tang (36 Chambers) [Expanded Edition],hip hop
Still Dreaming,72nLaDnt2dfxCA3ZAiEC2c,Hip Hop Is Dead (Expanded Edition),hip hop
The Mexican,0FFbJzXvag9ZRel7oNa1wU,Grand Slam - The Best Of Babe Ruth,rock
Duvet,42qNWdLKCI41S4uzfamhFM,Twilight,rock
Dreams - 2004 Remaster,0ofHAoxe9vBkTCp2UQIavz,Rumours (Super Deluxe),rock
Kirby,3YbYasXmwVmUUoX6Abo6oO,On The Strength Of All Convinced,rock
Flexorcist,2P4FWhDB0wxPyULFAAmx15,Flexorcist,rock
Love Theme From Spartacus - Rudy Van Gelder Remaster / 2006,7yzM0pEseQUpb6BMViOPEA,Eastern Sounds,hip hop
Crosshairs,3T2LUDcZRrOnYzV1FprZTy,THE MOUSE & THE MASK,hip hop
Wesley's Theory,7Ks4VCY1wFebnOdJrM13t6,To Pimp A Butterfly,hip hop
Something About You,6RiiSy9GzSwiyDEJDiMuKe,Mulholland Drive,rock
Survival Tactics,4pNT8XTKWb2vhcsqwzdXCT,1999,hip hop
Follow The Leader,1p80AptLonBW0VilSi6xFj,Follow The Leader,hip hop
Orange Shirt,7FUXU3d1lOpbikVA8ewNOS,Scott Pilgrim Takes Off (Soundtrack from the Netflix Original Series),rock
Da Art of Storytellin' (Pt. 1),1KQymTxNJfWk6vCD5ywKW2,Aquemini,hip hop
Everything Everything,2r9AR0xWWiARmVkwRWZq35,Everything Everything,rock
Tell Me You Know,7v0EsDFDBpCgmIruSQTUNZ,Tell Me You Know,rock
Witches,0rh55ZP9egA7YoAgzDEF5K,Witches,rock
Angels,1J8nHv7sGNcCBjzZIYLBcP,Natural Selection,hip hop
// fuckitdoeweout,0kd0cGkhCD144Qdqm8iIF3,// fuckitdoeweout,hip hop
intro to a movie about a f*cking loser,1XX0ha24SsK7E3habDzWU3,intro to a movie about a f*cking loser,rock
Heaven Knows I'm Miserable Now - 2011 Remaster,1xaTREM89RbIxkcjlpf4Uw,Hatful of Hollow,rock
They Say,5GO4rpfnM2lghVqEulTJUf,Be,hip hop
Elliospizza,3xJOKNHjuAjkJBhC5SZnZH,"Meek, Vol. 5",hip hop
Peachfuzz,39VMTN5lZ9x41aySZGTbsJ,Mr. Hood,hip hop
Jail,6d8HN8MqqbqrEUI2bvx0aG,Donda,hip hop
Roundhere,5WSZNB69XDMDZ1s6U4GjIo,"Meek, Vol. 5",hip hop
Flashing Lights,5TRPicyLGbAF2LGBFbHGvO,Graduation,hip hop
Champion,4UQMOPSUVJVicIQzjAcRRZ,Graduation,hip hop
Slow Jamz,3A4cpTBPaIQdtPFb5JxtaX,The College Dropout,hip hop
Big Brother,2L47m9erkB5KBZcaqWtYen,Graduation,hip hop
The Glory,0lWjRSzq5chA9fps3pM8Zr,Graduation,hip hop
Feelin' It,2ey8VvW7LS4G0q9xtgEtBA,Reasonable Doubt,hip hop
4:44,1gT5TGwbkkkUliNzHRIGi1,4:44,hip hop
Loose Change (feat. Earl Sweatshirt),2Z5MbKovyels3EXitye0eo,This Thing Of Ours,hip hop
Be (Intro),11aFVmFy8903RwDx4ohQiq,Be,hip hop
Old 8 Legs,0ll0XWbnBtEe7Qq9DvkjQI,Are You In Or Out?,rock
Stranger's Road,06r78GFh0Y84Kwd5zcoTgU,Are You In Or Out?,rock
Wet Dreams,5drJr9Wi1JnSWnB7WwSgX0,Are You In Or Out?,rock
Hoopity Hip,3GvvyT9ZZO3l2npRJaLney,Are You In Or Out?,rock
Red Tide,7gfNCpShQzvIxv0IqDWeaG,Are You In Or Out?,rock
Something Someone Jr,3PWgQXajCckJLI5rHmBF7i,Are You In Or Out?,rock
Graveyard's Full,1jOORGv77XNdt9B6lqk5ze,Hot Tropics,rock
One Million Lovers,5Nt5kpCSEYKci7hyY6yu5I,Hung At Heart,rock
Through The Wire,4mmkhcEm1Ljy1U9nwtsxUo,The College Dropout,hip hop
2 Of Amerikaz Most Wanted,6S5SJlNXgrUBTLa58NMwGk,Greatest Hits,hip hop
Never Meant,4ZDyo32Vg4avIKHaDfZSOg,American Football (Deluxe Edition),rock
I Follow You,6rv4gfOtrlYFrcu03gZkUW,Melody's Echo Chamber,rock
Where Damage Isn't Already Done,4z5Zh0WLC4TaHghMW3Nx5H,Lesser Matters,rock
Happy Birthday,7ni2QpeyhKLJIb18IJTBHc,Faces,hip hop
Street Talkin',4TGHOWSNAwUXn5onDQr0P1,The Art Of Storytelling,hip hop
With or Without It,25UUVStfTymLV7fKjp7xPC,With or Without It,rock
Sittin' In My Car,1nsbj6cQQmfp9x7Mlmtphl,Behind Bars,hip hop
Dennehy,4T3Vl4y9ggN9dPbYfKyYqh,Dennehy,hip hop
Words Of Wisdom,0FNt0zNJT1JNnSIe8LqYxh,2Pacalypse Now,hip hop
"Shook Ones, Pt. II",33ZXjLCpiINn8eQIDYEPTD,The Infamous,hip hop
Notion,4cHKd6qPMR1TMx55KHlida,Futureproof,rock
Casual Acquaintances,3biCP8Epe7TgjzR62RfJ1X,Casual Acquaintances,rock
Tic,0UqwIL59AsdSTdmewiWXvj,Tic,rock
Keep Me in Mind,04vhOCGg0vXAxerKc0eQ5d,Little Joy,rock
Salute Your Solution,4I3573QbRpER4HPzyFSFJa,Consolers of the Lonely,rock
What You Know,3UjtIALeg72qmJiKPWBvM3,Tourist History,rock
イエロー・マジック (東風),12x2jPGYAjdiyemtFuqeU0,Yellow Magic Orchestra USA,other
Kolors,4IOYk6epkzXT38U4ShauZ6,Soulection White Label - Monte Booker,hip hop
Jazz (We've Got),7AgMX97ljLm9BzszyyXEYZ,The Low End Theory,hip hop
Line by Line,5xgvMrYYHTIEtx7w1LEAn0,Line by Line,other
Victory Laps,0sQ9MCD0ichtBCSi8Khn3h,Victory Laps,hip hop
Kon Queso,5SFMhTRSO8jL2PtamoO1Q7,MM...FOOD,hip hop
