"track.name","track.id","track.album.name"
"Set to Attack","7sI80PK0P3tDCvULKszqzL","Francis Trouble"
"Strangers","6l7EWyRzo2mkMkxDKI8NZ7","Francis Trouble"
"Taken for a Fool","6SdAztAqklk1zAmUHhU4N7","Angles"
"Automatic Stop","6DUKQUhWqUySYngLXLNwP2","Room On Fire"
"12:51","6Yu1OL8I0D4vjOzYdsXYGK","Room On Fire"
"You Talk Way Too Much","6lnnaGN20kl0jEYJSxCgU9","Room On Fire"
"Meet Me in the Bathroom","08l9WKDuRyGeStQ9ojTlFh","Room On Fire"
"Threat of Joy","6YQeOwMMAkB9MV9yMWmrjh","Future Present Past"
"One Way Trigger","5GKVcvTgnFYtfh25qKQtRg","Comedown Machine"
"Call Me Back","6z5mh42xSM54RncKZMM8hS","Angles"
"When It Started","3iiObSfkcBsETljmSB4Hcs","Is This It"
"Is This It","0jBE7Fn78EAvmIs3dCd6GO","Is This It"
"Soma","6gU7ohksNd6LsEJMWfDRhp","Is This It"
"Someday","7hm4HTk9encxT0LYC0J6oI","Is This It"
"Alone, Together","4UmJMAY5TqXPAnsDW1Mci7","Is This It"
"Trying Your Luck","5KupfEBaVJwL7D2ZN0n1Q1","Is This It"
"You Only Live Once","4fPBB44eDH71YohayI4eKV","First Impressions Of Earth"
"Ize of the World","1TbK5nWKIxZYIRVurMvkuR","First Impressions Of Earth"
"Happy Ending","1OXGJ7jRok4c3KBnIYkuwH","Comedown Machine"
"Lazy Boy","5xXkyBtG1sNIhkpCIxF0Il","Virtue"
"Pyramid of Bones","0tfvDUmADEEEqrPcRJNT29","Virtue"
"Instant Crush (feat. Julian Casablancas)","2cGxRwrMyEAp8dEbuZaVv6","Random Access Memories"
"95 Radios","46pKXSkEQfqB0wEy5uxtcG","Brick Body Kids Still Daydream"
"Leave It In My Dreams","31u6rUeIEXGrYVoh10U7eu","Virtue"
"Human Sadness","2avCzL6HtaJ5Nspq2fVFQe","Tyranny"
"Life Is Simple in the Moonlight","4ileLT7ldd2uX8bMemWqbm","Angles"
"Fast Times","6b7B92At6GcqZwndlhpSH7","Fast Times"
"More to Life","1UrvESEfYBjNB6otQWdyRj","More to Life"
"Muted Beatings","2iLkTMUJ2MCsry5yYiafCg","Francis Trouble"
"Tea for Two","68qYhu1du0kbiyAtnIKNLh","Francis Trouble"
"No One There (feat. Julian Casablancas)","5Uv745RQ6uXics2lpvypZy","Last Dance"
"Side Boob","6APntjRiq5YEH9AtI1mNlV","Momentary Masters"
"Four Out Of Five","4JeTkHQcajdkhGwaGsaKMT","Tranquility Base Hotel & Casino"
"Luv(sic.) pt3 (feat. Shing02)","4xlpJ99yL9xYQtzG6c3hwk","Modal Soul"
"Daydreaming in the Projects","1Vb2J33frYj5xiTyz7mB50","Brick Body Kids Still Daydream"
"Father Electricity","65ZXieFfjnc5RdWDDpYZNb","Tyranny"
"Cantaloop (Flip Fantasia)","2AnTuxahfcAS7dGxGZnihY","Hand On The Torch"
"Brick Body Complex","7tlGq6EAEIWsv7srZWc5f7","Brick Body Kids Still Daydream"
"(How Could Anybody) Feel at Home","0V6QNE31BWyMuiKlvDRnE9","Brick Body Kids Still Daydream"
"I'm Sorry We Lied","7CZVRcSQovpWUtG8FeDqMU","Coastal Grooves"
"Dancing in the Moonlight","0q21FNwES2bbtcduB6kjEU","Dancing in the Moonlight"
"Games","5pFSbiW5XewiQONONBQbqF","Angles"
"River of Brakelights","6ETWn02Bv8JIYXHvSoQD5u","Phrazes For The Young"
"Caught By My Shadow","3qrvuhiRAAHwNqmKsvhv7i","Momentary Masters"
"Pink Ocean","4WFcerMZkAIcIizZYXNNrb","Virtue"
"Little Girl (feat. Julian Casablancas)","6lGzMfAWjZbvPPf8SLpu0Y","Dark Night of The Soul"
"Aquarius","0WviwuG403gqtW6bZevBpP","Hair"
"Drunched In Crumbs","1IecEbWHvnC6kiwDutTUX1","Momentary Masters"
"Moonlight","0JP9xo3adEtGSdUEISiszL","?"
"The Race","3wGXyJGsCf1myH5MooQIqE","#SantanaWorld (+)"
"Celebrity Reduction Prayer (feat. Open Mike Eagle & Oddisee)","67kLHRXKEjlfz6KrdVM0eU","Persona"
"Spooky Couch","1wRCg1JyRmbJEg9ESOMlVp","Como Te Llama?"
"Watermelon Man","2zQl59dZMzwhrmeSBEgiXY","Head Hunters"
"Maneater","4aKIs5t9TqP59btlCGPrgw","H2O"
"Falling Down - Bonus Track","4jvjzW7Hm0yK4LvvE0Paz9","Come Over When You're Sober, Pt. 2"
"Accordion","2nS9ZKPQxpPGITt3lZrRjK","Madvillainy"
"Baby I'm Yours","0tZkVZ9DeAa0MNK2gY5NtV","By Your Side"
"Souvenir","2prHMFvkekTqqFdB5r6QJJ","So The Flies Don't Come"
"Tap Out","2ThdB23G9Rgf1ExndFGEEg","Comedown Machine"
"The Guidelines","0WyVk0P8TbNUBeUOaSAdfn","A Book of Human Language"
"Still D.R.E.","503OTo2dSqe7qk76rgsbep","2001"
"Nice For What","3CA9pLiwRIGtUBiMjbZmRw","Scorpion"
"Trouble Man","15pYj5ZiUJgBydzD7w6NbJ","Trouble Man: 40th Anniversary Expanded Edition"
"Johan Von Bronx","68LAG7FkseIJOqwtRjnylF","Tyranny"
"Don't Stop Me Now - Remastered 2011","7hQJA50XrCWABAu5v6QZ4i","Jazz (Deluxe Remastered Version)"
"Chain Gang","7v1858htfU0srTDwhxeka8","Swing Low"
"Lady Brown (feat. Cise Starr from CYNE)","0JL9TZip7mL7iwC5EOkALS","Metaphorical Music"
"Rocky's Late Night","3AgrcbfCREzW0kGFUNJnqW","Francis Trouble"
"Learn Your Lesson","5qIAgpKDLMIHOTipH47PFu","Today Is History"
"Always Jealous","59FZc1AhTCWWnxrg373t7s","Today Is History"
"Feather (feat. Cise Starr & Akin from CYNE)","2ej1A2Ze6P2EOW7KfIosZR","Modal Soul"
"In Transit","1Jte640nBiOWyuD7N0odNZ","Yours to Keep"
"Under Pressure - Remastered 2011","11IzgLRXV7Cgek3tEgGgjw","Hot Space (Deluxe Remastered Version)"
"Cha La Head Chala","36la4AQp7vTlCRNyC5NLry","3XL Manga i Anime"
"Lotus Eater","6ReKt5x6FVUXTMdWNC6GAQ","Sacred Hearts Club"
"I Don't Know You","4cJOLN346rtOty3UPACsao","I Don't Know You"
"Microfiche","4zVeDhzxooxOe1k49j9m5e","What Happens When I Try to Relax"
"The Next Time Around","6sT8KTifge2F0lcdtyDkDa","Little Joy (US Edition)"
"Razors Edge","4H85bUU8UF8YPFhNYJXt3d","Momentary Masters"
"THAT'S THAT","3ZWc3Bm8eUMRRJhSWKHHeV","BORN LIKE THIS"
"Chances","718purgMpFb2Axhuz0Hbq1","Comedown Machine"
"Qualifiers","08u83xFnbotiLYfptooHGt","Dark Comedy"
"Ziggy Starfish (Anxiety Raps) [feat. Gold Panda]","7fjLBPTsQrbkV2WRedi2bw","A Special Episode - EP"
"Worlds to Run","0o1OgAV4hlV6SKemtsQ4R4","Thumbs"
"Calling You All Night","0WNo7oGkfjgbMRLrTa8Nqy","Lounge Lovers on Standby"
"My Kind of Crisis","2eEUSZJJ9UCUTaEOkm7pUN","Today Is History"
"Rewind","3Hjw18zl0HE71aGgSo8Jcm","Rewind"
"Thieves In The Night","7prM6PuZ5psmHNKhpznKbP","Mos Def & Talib Kweli Are Black Star"
"The Otherground Pizza Party","1eFktbY25CGTb0BDYKRsUo","things that happen at day // things that happen at night"
"Night Ride","2ZQ3CJY6iddn38oOoPGKfb","City Club"
"Call It Fate, Call It Karma","3Y4rUyw7XBCK6hGHCOt6rp","Comedown Machine"
"The Eternal Tao","1NGodWzGlxxkOrgqHO6g3K","The Eternal Tao"
"EARFQUAKE","5hVghJ4KaYES3BFUATCYn0","IGOR"
"3005","2ZltjIqztEpZtafc8w0I9t","Because the Internet"
"Plastic Love","6w9Ob2zjMx1o614BI9wZsI","Broken Love"
"Much","5tbk2TtmG9905obtPrbK4O","Thumbs"
"Dare I Care","0eLiaA1XEtztloEOdTgAeX","Tyranny"
"Did My Best","0hmxVkpxbcdHAXUoZ7DeCQ","Did My Best"
"Sunflower - Spider-Man: Into the Spider-Verse","3KkXRkHbMCARz0aVfEt68P","Spider-Man: Into the Spider-Verse (Soundtrack From & Inspired by the Motion Picture)"
"Vaudeville Villain","6rkV9hz91Rr5iHnMRPZdEQ","Vaudeville Villain"
"Can I Watch? (feat. Apani B as Nikki)","4i4P1ACAeWcyJTxQSd0prx","Vaudeville Villain"
"Lactose and Lecithin","63Iv8NhccFc2qXgIsrDo4Q","Vaudeville Villain"
"Hymnal","0uP17B2t9Px8qBTgFl6Z1g","Brick Body Kids Still Daydream"
"All Caps","1Y2ExJJ9Dmb9po8K0ybSj3","Madvillainy"
"Vomitspit","07nA7gafu75RjIkAUxtjjr","MM...FOOD"
"I'll Try Anything Once - Live From Electric Lady Studios for WRXP, New York","1k4OsQujxXPLij0ZsTFlMx","Live From Electric Lady Studios/WRXP New York"
"No Tony (feat. Phra)","2cMmlJaE8T2JVdptokAm2c","All Wet"
"Deep Fried Frenz","12Lemsk6c6ohm9afZxYUBz","MM...FOOD"
"Open Mic Nite, Pt. 2 (feat. Lord Sear & Hydro)","5XRO5KnH7OvMPElYl8QYkD","Vaudeville Villain"
"Doomsday","4tSLFGKiSO4O1d5aXJUpGJ","Operation Doomsday: Original Version Remastered"
"Corner Story","6O4zEx1kzm32mXlUIOthSw","Future Development"
"Slippery Slope","55fAj4qSvcmbwW0io4Wvhd","Free Sweatpants"
"Otha Fish","1KcZRMyC2tSs3CMIsng9wx","Bizarre Ride II The Pharcyde"
"Rapp Snitch Knishes feat. Mr. Fantastik","25kGNSv0yGXZKaC79xzrvg","MM...FOOD"
"Fancy Clown","6WnYONkaYOchkMXUz0Eu0W","Madvillainy"
"Gravy Train","3qOkkP9JLltoUvaLjEXTmW","Sensational"
"GAZZILLION EAR","7hZdzXAe5g7P23RAlnFFaB","BORN LIKE THIS"
"Tainted Love","58E1XVmZTODC67YNjneuXM","Non-Stop Erotic Cabaret"
"Everything She Wants","5hXEcqQhEjfZdbIZLO8mf2","Make It Big"
"Snake Eater","2e3g8go386Zn6EyIz60Ci9","METAL GEAR 20th ANNIVERSARY METAL GEAR MUSIC COLLECTION"
"The Trio - 2004 Remaster","6tGtkJtXZytZhugipYJTCj","The Good, The Bad And The Ugly [Original Motion Picture Soundtrack / (Remastered & Expanded)]"
"Sins of The Father","1ZcN6PlhKWUacWjDC7uRsB","METAL GEAR SOLID Ⅴ ORIGINAL SOUNDTRACK SELECTION"
"People Ii: The Reckoning","35ycG8vBnHjAfw1Q5WDl76","People Who Can Eat People Are the Luckiest People in the World"
"A Song Dedicated to the Memory of Stormy the Rabbit","3eG1hZzHlXvLMaSzlltbLA","People Who Can Eat People Are the Luckiest People in the World"
"We Didn't Come Here to Rock","3vkyJalLj2crZjBg3YN5jm","Can't Maintain"
"Instant Karma! (We All Shine On) - Remastered 2010","2E9wKgL8NN7Tvydqcjoh7v","Gimme Some Truth"
"White Room","3Xls4cNOwy01dtrNXb1inG","Wheels Of Fire"
"Fool in the Rain - 1990 Remaster","62p6fF2r4NY6pwZbxxvmr8","In Through the out Door (1994 Remaster)"
"Telephone Line","3SPcBPzvbmWLl8NU5efx4W","A New World Record"
"Concerto for Philodendron & Pothos","3uq0KsaRzTtqwDYLdV3zON","Mother Earth's Plantasia"
"Rewind","6LR0umY2XFQv7FybMUf7cW","What Happened"
"Shiki No Uta","6YN4XKUaE8HtqL5S1sZXC9","Shiki No Uta"
"Life on Mars? - 2015 Remaster","3ZE3wv8V3w2T2f7nOCjV0N","Hunky Dory (2015 Remaster)"
"All Through the Night","2CIDqYfIYfl9vx02wIyCG9","She's So Unusual"
"Modern Girls & Old Fashion Men","4yVixayMpxm2MUGOePA192","Modern Girls & Old Fashion Men"
"Objects of Desire","750BRkrH6lVuyudAHfi7Sk","NSFW"
"Concerto No. 4 in F Minor, Op. 8, RV 297 ""L'inverno"": I. Allegro non molto","4Agw3BjEfyBYplvJXB5Y3i","Antonio Vivaldi: Le Quattro Stagione"
"Never Dead (feat. M. Sayyid as Curis Strifer)","29XBHZKdcXAg8deuEVyoeI","Vaudeville Villain"
"i miss you","021sNzTndU8LVmDJDqvwXp","i miss you"
"I Can't Handle Change","0I1eFRytp4XRhLCjT6tZm7","I Can't Handle Change"
"shining on my ex","3mBRfojfwsGouVPJHhiVd9","shining on my ex"
"Rocket Jump Waltz","1fTJkW8b8hhh1ebYI6Md6E","Fight Songs: The Music of Team Fortress 2"
"Chamber Of Reflection","1MJ5f5EYBC92ADD6xcz7nb","Salad Days"
"Shiki No Uta","7Eyj9NYnHec30O9ANkloFo","Shiki No Uta"
"Attitude City","50m9gWSRz1NEO07sBNk3bB","Attitude City"
"At The Door","7dz48pntblPzJ9mTPiUH81","At The Door"
"Luv (Sic)","6TxDFfXqraQlaCS2DNfy5w","FIRST COLLECTION"
"Johan Von Bronx","3dWaDHwsvudH9vywNjVUVf","Tyranny"
"Where No Eagles Fly","25FYpwvSt61i16hs8qvoqe","Tyranny"
"Father Electricity","1VeHgjA3KTfiMYM4pL1nXX","Tyranny"
"Dare I Care","3QFwqMCEkE5ZItQhMksIbB","Tyranny"
"Poison","6m59VvDUi0UQsB2eZ9wVbH","Poison"
"Bad Decisions","6e2pJqucDMxbp061B40r6O","Bad Decisions"
"My Mistakes Were Made For You","0Ls4WLphg1obbq7wTPiy7k","The Age Of The Understatement"
"Back & Forth","1gmMT3M39KRng8QL5hi2sU","PEEK"
"Two Princes","4ePP9So5xRzspjLFVVbj90","Pocket Full Of Kryptonite"
"Late Nights","3vVxsVkGfRDxKBS2zgm1G3","What Happened"
"All These Hours","0ZCvrw84E2lWEs248a7MdQ","What Happened"
"Boogie","7wY7lVCXz1OTDqYqIau1FF","Lounge Lovers on Standby"
"Wait and See","5o4TK4PI9WCyNjrrpeDnPc","Lounge Lovers on Standby"
"Ms. Fat Booty","0IVAlb0cFCH1cQ974iR1TU","Black On Both Sides"
"Education (feat. Yasiin Bey & Black Thought)","7kYqWxsKFTQYSUkEmkepFF","Bandana"
"Red Light","6KXuDNOwiNR0q7KLGXs3Bo","First Impressions Of Earth"
"11th Dimension - Live From Electric Lady Studios for WRXP, New York","2wzCkpZL6NU3Jyu9vcE2SR","Live From Electric Lady Studios/WRXP New York"
"Selfless","2t0wwvR15fc3K1ey8OiOaN","The New Abnormal"
"Eternal Summer","6IRzBP4gVoV4D2zHmocoWy","The New Abnormal"
"Respiration","5mxVKAuunOKqcBfR5ivbRf","Mos Def & Talib Kweli Are Black Star"
"Plastic Beach (feat. Mick Jones and Paul Simonon)","2nZ33CKRbgpJQJJQKHuGXb","Plastic Beach"
"A Certain Romance","2CbtdkBeW9Znt4vXTOafAl","Whatever People Say I Am, That's What I'm Not"
"When The Sun Goes Down","0ZRrJTPXDToRJ2iLo9oLrW","Whatever People Say I Am, That's What I'm Not"
"City Club","6Ig2iLUX11ZNpI7EBCZqyt","City Club"
"Dope on a Rope","76c1AuZodByXM3X2k48wju","City Club"
"I'll Be Around","1EXMtjti643XyQLiGDdki0","City Club"
"The Daisy Chain","2iijuy8T2fbB3qJgptndFp","City Club"
"Alien Crime Lord","4S5T3NPeWSPqgb3ElxL8MN","Alien Crime Lord"
"Standing Next To Me","7d4W06sKxGEm40rYdQgEtt","The Age Of The Understatement"
"Strange Tidings","6y65bThNd87eXzK90zVvBa","AHJ"
"Pretty Old Man","09fNyeCFUbrTor4DY7kX2b","Boys Missed The Bus"
"NAN CHUN 난춘","320twJYO0LC64eWCuCC5vj","NAN CHUN 난춘"
"Dong 덩","6kcnFRTsf7DaJWwu1QbBvd","Nonadaptation 비적응"
"Stranger 이방인","6hrEjVNhEqFSdmrtCJVPVt","Nonadaptation 비적응"
"Wi Ing Wi Ing","66UcQu5LBo2A7AC0A5r0lI","20"
"Secret Door","7IUBw7EUgcjzGV6zv9fkLX","Humbug"
"Pattern","0kA5wK89nsYHQ22UKzcFGv","Everything You've Come To Expect (Deluxe Edition)"
"Bad Habits","4lJCw7GFijl5Kn2iizagwU","Everything You've Come To Expect (Deluxe Edition)"
"Dracula Teeth","1x9EqJg2UOhlhDAaTUyOIZ","Everything You've Come To Expect (Deluxe Edition)"
"Can You Feel My Heart","0WSa1sucoNRcEeULlZVQXj","Sempiternal (Expanded Edition)"
"Trying Trying","6V6zRA5jxaKalrSc3eHFiY","Imagine Siblings / Number Four or Five‬ / Trying Trying"
"Beat laments the world","5tO3pr49SdxO05TNlYHfHT","Metaphorical Music"
"Sweet Dreams, TN","3asj3OMn7BkuWOxsdkYybG","Everything You've Come To Expect"
"Redbone","0wXuerDYiBnERgIpbb3JBR","""Awaken, My Love!"""
"It Was A Good Day","2qOm7ukLyHUXWyR4ZWLwxA","The Predator"
"Riot Van","0RN9h0ojhQWtAD6O8X7Zzp","Whatever People Say I Am, That's What I'm Not"
"SLOW DANCING IN THE DARK","0rKtyWc8bvkriBthvHKY8d","BALLADS 1"
"Orgasm of Death","4m3uMuu1gYYjZPtZvTOe6t","Casual Acquaintances"
"I Get Around","4voEoczU7Ijborps9XF1n3","Strictly 4 My N.I.G.G.A.Z..."
"You Know How We Do It","2Ih217RCGAmyQR68Nn7Cqo","Lethal Injection"
"You Fuckers Were Asking for This One - Boin Edit","4p9ip3oAU1pB5b5PahVmd1","You Fuckers Were Asking for This One (Boin Edit)"
"What a Nigga Know?","6ZClQUx5QAuTuR2v2wx37F","Black Bastards Deluxe Edition"
"Sameolemeek","0CUJEDKDLddR0cojCVsXN1","Meek, Vol. 6"
"The Nigga Ya Love To Hate","3Mzqw2mz9YMKjjCEmypYfZ","AmeriKKKa's Most Wanted"
"100 Miles And Runnin'","0X87YlD94elwfFPvYAP1Gy","100 Miles And Runnin'"
"Do For Love","4AE7Lj39VnSZNOmGH2iZaq","R U Still Down? [Remember Me]"
"Kon Queso","13AzkgqOT4PHx5aXxihF0n","MM...FOOD"
"Write This Down","3RzTfqRCJjO18SBENG58n8","Sunflower in the Sunlight"
"All Caps","21O0XXPEWPtePt5RMY93Ob","Madvillainy"
"Much","4YWXPsw94zdKDkXN9MDQAn","Thumbs"
"Behind Bars","1kxq2ByL62HX8YQQdvK3mz","Behind Bars"
"Two Words","62wtttQzoIA9HnNmGVd9Yq","The College Dropout"
"Dead Presidents II","3nDYsXggRQxf7PCNUjR4rz","Reasonable Doubt"
"Marcy Me","5oynsOy80DnodTslgaj3cr","4:44"
"10mins_","6EAlfcokJbvtJnErmJJFjk","Meek, Vol. 4"
"Gethechange","0daFQZl40teSgAHup4fW8V","Meek, Vol. 5"
"Song Cry","19ELgyBdMcEjGcbFHcY1ba","The Blueprint"
"Jesus Walks","5g1vtHqi9uV7xtYeCcFOBx","The College Dropout"
"No More Parties In LA","0zLClc0emc6qUeV1p5nc99","The Life Of Pablo"
"Oldie","53dkS3h9uTNsWYZTPacnpx","The OF Tape Vol. 2"
"Devil In A New Dress","1UGD3lW3tDmgZfAVDh6w7r","My Beautiful Dark Twisted Fantasy"
"Flat","1VMsPh2SsgtOuNT7zjZyqA","Meek, Vol. 5"
"Ben&frank","7tahsBfZlvuw5T8V33uIbF","Meek, Vol. 4"
"Got My Mind Made Up (ft. Dat Nigga Daz, Kurupt, Method Man, Redman)","5iTyKHHx9efbjrOXPP48gG","All Eyez On Me"
"Wouldn't Get Far","39yRhjDdSTP4A7VehxBXDb","Doctor's Advocate"
"Cornerstone","3MC4XRbQADJdW9IIIwbe2u","Humbug"
"Mardy Bum","3geFzA6VBSNZUTmV3bCry6","Whatever People Say I Am, That's What I'm Not"
"Spring Has Sprung","4MJZSCObbe4cmjdgYufNg1","Spring Has Sprung"
"No. 1 Party Anthem","5TTGoX70AFrTvuEtqHK37S","AM"
"Why'd You Only Call Me When You're High?","086myS9r57YsLbJpU0TgK9","AM"
"The Bakery","3t78lCyQdyqpPpOOJ5UWNp","Fluorescent Adolescent"
"Drive Slow","6vB49BJ70zBpDrrAPwdaB8","Late Registration"
"Touch The Sky","2dxjKgT0li4qBI3QwuN9Ih","Late Registration"
"Team","3G6hD9B2ZHOsgf4WfNu7X1","Pure Heroine"
"Fall In Love","2KBo6O5rkNdtYT3wYjkEkq","Fantastic, Vol. 2.10"
"I Wonder","7rbECVPkY5UODxoOUVKZnA","Graduation"
"Not The Man","0yi7HA44Dk6MoPDI4jlTLk","Chinese Fountain"
"Coinstar","3t6pUTsl3iUe3YqOZrTcyJ","Natural Affair"
"Separate Ways (Worlds Apart)","4ECNtOnqzxutZkXP4TE3n3","Frontiers"
"GfC","2wm3tJarIFNydVe0lRiBN9","Como Te Llama?"
"30 Minute Boyfriend","0ewGf37qQuShGtZqLAuDT9","Phrazes For The Young"
"Electricityscape","0bZdpukYLaMgtR4LCUhTDp","First Impressions Of Earth"
"Broken","3THFKx88trZuOFlssVLJ5G","Plastic Beach"
"BLOODY STREAM","3BSPKTravgBDjmuG1rIXvw","BLOODY STREAM"
"Bardock Falls","6y5dlIvllOZQ53t6FrG8th","Bardock Falls"
"Midnight Train 심야행","6Fjg9svm5Wob5lbsygSnq4","Nonadaptation 비적응"
"Go Back 집에","197OXtsiu7HujhhXYvJjEt","Nonadaptation 비적응"
"Winter 눈","4YVA21Db1AbASkjpXRhykz","Nonadaptation 비적응"
"Ung 엉","6veVhn7H8MS7jfgmtw959y","Nonadaptation 비적응"
"E 이","6mae0IijCFyOnkuGyjrd5G","Nonadaptation 비적응"
"She's My Collar (feat. Kali Uchis)","3lIxtCaROdRDuTnNBDm3n2","Humanz (Deluxe)"
"Saturnz Barz (feat. Popcaan)","2oJInAFXiQYLgz0jh9MrXf","Saturnz Barz (feat. Popcaan)"
"Fire Flies","2sZuYdRbQe5zm1pcxweNC8","Fire Flies"
"A Long Dream","4nXbMeiYZCMxl2B7NvxLdR","A Long Dream"
"The Wave","0ZlIv0GSqYEKQK5Zf5cZTM","Summer Plumage"
"Jayu 자유","5vlUplZyrXnN0bbejrKfqu","Jayu 자유"
"Boom - Street Version","0mBAdbKjyG1uANV6jD5trK","Boom/Soldier's Story"
"Selfish","7sZCAHP2duHwr5M5K7lHsb","Detroit Deli (A Taste Of Detroit)"
"Two Kinds of Happiness","10rOqbOBlAJybglgmqaMZL","Angles"
"Rebel Rebel - 2016 Remaster","2EC9IJj7g0mN1Q5VrZkiYY","Diamond Dogs (2016 Remaster)"
"The Perfect Girl","5RBOcBpJXaNnHCGViJmYhh","The Perfect Girl"
"See You Again (feat. Kali Uchis)","7KA4W4McWYRpgf0fWsJZWB","Flower Boy"
"How Do U Want It","1ZB2zIoc8AjSuyqKRcJgbO","Greatest Hits"
"Change Clothes","1xE7osYAtzz1PvLoVdOp5E","The Black Album"
"Smells Like Teen Spirit","5ghIJDpPoe3CfHMGu71E6T","Nevermind (Remastered)"
"This Can't Be Life","4UPyqSVCf0ukiBbi0MvLDW","The Dynasty: Roc La Familia"
"Family Business","5DBmXF7QO43Cuy9yqva116","The College Dropout"
"Angeleyes","7rWgGyRK7RAqAAXy4bLft9","Voulez-Vous"
"Father Stretch","2tLH5EsewbZNvmWidJqzDF","Jesus Is Born"
"Turn to Stone","1Pd1h30mgU05QkWYhgFzwt","Out of the Blue"
"Conquest (Fire Emblem: Awakening)","7GUdZH0lYiOlfBsWrhMwHp","Fire Emblem: Solo Piano"
"The Edge of Dawn (Seasons of Warfare) [From ""Fire Emblem: Three Houses""] [For Piano Solo]","4e3YHZboBSTGdjbl9cacU2","Fire Emblem: Three Houses Flute & Piano Collections"
"Bad Habit","5CM4UuQ9Gnd6K2YyKGPMoK","Bad Habit"
"Miss Independent","34ceTg8ChN5HjrqiIYCn9Q","Year Of The Gentleman (Bonus Track Edition)"
"Passin' Me By","4G3dZN9o3o2X4VKwt4CLts","Bizarre Ride II The Pharcyde"
"Wu-Tang: 7th Chamber","5wcY4XgawQ2se8VjDLhedQ","Enter The Wu-Tang (36 Chambers) [Expanded Edition]"
"It's Been A Long Time","4sMH75ctV0RVSOHZqXJpHD","The 18th Letter / The Book Of Life"
"Party And Bullshit","5mqPg2dyqb1gBNyg9ycGcT","Whos The Man ? Soundtrack"
"Represent","6DPrhGVJ1WTZvM9fKptnGe","Illmatic"
"Dillatronic 35","6oOr5im8qahxu4GR7MkCG2","Dillatronic"
"Da Mystery of Chessboxin' (feat. Method Man, U-God, Inspectah Deck, Raekwon, Ol' Dirty Bastard, Ghostface Killah & Masta Killa)","4xOTVtbCPcfxMs2hSt9D6i","Enter The Wu-Tang (36 Chambers) [Expanded Edition]"
"Can It Be All so Simple","6OCYTygzbVwil2UFkREQiD","The Essential Wu-Tang Clan"
"AmeriKKKa's Most Wanted","2mYnMZOESVQeUcbvxR1lYi","AmeriKKKa's Most Wanted"
"Tearz (feat. RZA, Ghostface Killah, Raekwon & Inspectah Deck)","7y5zXpTN4J7K0PngQYa655","Enter The Wu-Tang (36 Chambers) [Expanded Edition]"
"Still Dreaming","72nLaDnt2dfxCA3ZAiEC2c","Hip Hop Is Dead (Expanded Edition)"
"The Mexican","0FFbJzXvag9ZRel7oNa1wU","Grand Slam - The Best Of Babe Ruth"
"Duvet","42qNWdLKCI41S4uzfamhFM","Twilight"
"Dreams - 2004 Remaster","0ofHAoxe9vBkTCp2UQIavz","Rumours (Super Deluxe)"
"Kirby","3YbYasXmwVmUUoX6Abo6oO","On The Strength Of All Convinced"
"Flexorcist","2P4FWhDB0wxPyULFAAmx15","Flexorcist"
"Love Theme From Spartacus - Rudy Van Gelder Remaster / 2006","7yzM0pEseQUpb6BMViOPEA","Eastern Sounds"
"Crosshairs","3T2LUDcZRrOnYzV1FprZTy","THE MOUSE & THE MASK"
"Wesley's Theory","7Ks4VCY1wFebnOdJrM13t6","To Pimp A Butterfly"
"Something About You","6RiiSy9GzSwiyDEJDiMuKe","Mulholland Drive"
"Survival Tactics","4pNT8XTKWb2vhcsqwzdXCT","1999"
"Follow The Leader","1p80AptLonBW0VilSi6xFj","Follow The Leader"
"Orange Shirt","7FUXU3d1lOpbikVA8ewNOS","Scott Pilgrim Takes Off (Soundtrack from the Netflix Original Series)"
"Da Art of Storytellin' (Pt. 1)","1KQymTxNJfWk6vCD5ywKW2","Aquemini"
"Everything Everything","2r9AR0xWWiARmVkwRWZq35","Everything Everything"
"Tell Me You Know","7v0EsDFDBpCgmIruSQTUNZ","Tell Me You Know"
"Witches","0rh55ZP9egA7YoAgzDEF5K","Witches"
"Angels","1J8nHv7sGNcCBjzZIYLBcP","Natural Selection"
"// fuckitdoeweout","0kd0cGkhCD144Qdqm8iIF3","// fuckitdoeweout"
"intro to a movie about a f*cking loser","1XX0ha24SsK7E3habDzWU3","intro to a movie about a f*cking loser"
"Heaven Knows I'm Miserable Now - 2011 Remaster","1xaTREM89RbIxkcjlpf4Uw","Hatful of Hollow"
"They Say","5GO4rpfnM2lghVqEulTJUf","Be"
"Elliospizza","3xJOKNHjuAjkJBhC5SZnZH","Meek, Vol. 5"
"Peachfuzz","39VMTN5lZ9x41aySZGTbsJ","Mr. Hood"
"Jail","6d8HN8MqqbqrEUI2bvx0aG","Donda"
"Roundhere","5WSZNB69XDMDZ1s6U4GjIo","Meek, Vol. 5"
"Flashing Lights","5TRPicyLGbAF2LGBFbHGvO","Graduation"
"Champion","4UQMOPSUVJVicIQzjAcRRZ","Graduation"
"Slow Jamz","3A4cpTBPaIQdtPFb5JxtaX","The College Dropout"
"Big Brother","2L47m9erkB5KBZcaqWtYen","Graduation"
"The Glory","0lWjRSzq5chA9fps3pM8Zr","Graduation"
"Feelin' It","2ey8VvW7LS4G0q9xtgEtBA","Reasonable Doubt"
"4:44","1gT5TGwbkkkUliNzHRIGi1","4:44"
"Loose Change (feat. Earl Sweatshirt)","2Z5MbKovyels3EXitye0eo","This Thing Of Ours"
"Be (Intro)","11aFVmFy8903RwDx4ohQiq","Be"
"Old 8 Legs","0ll0XWbnBtEe7Qq9DvkjQI","Are You In Or Out?"
"Stranger's Road","06r78GFh0Y84Kwd5zcoTgU","Are You In Or Out?"
"Wet Dreams","5drJr9Wi1JnSWnB7WwSgX0","Are You In Or Out?"
"Hoopity Hip","3GvvyT9ZZO3l2npRJaLney","Are You In Or Out?"
"Red Tide","7gfNCpShQzvIxv0IqDWeaG","Are You In Or Out?"
"Something Someone Jr","3PWgQXajCckJLI5rHmBF7i","Are You In Or Out?"
"Graveyard's Full","1jOORGv77XNdt9B6lqk5ze","Hot Tropics"
"One Million Lovers","5Nt5kpCSEYKci7hyY6yu5I","Hung At Heart"
"Through The Wire","4mmkhcEm1Ljy1U9nwtsxUo","The College Dropout"
"2 Of Amerikaz Most Wanted","6S5SJlNXgrUBTLa58NMwGk","Greatest Hits"
"Never Meant","4ZDyo32Vg4avIKHaDfZSOg","American Football (Deluxe Edition)"
"I Follow You","6rv4gfOtrlYFrcu03gZkUW","Melody's Echo Chamber"
"Where Damage Isn't Already Done","4z5Zh0WLC4TaHghMW3Nx5H","Lesser Matters"
"Happy Birthday","7ni2QpeyhKLJIb18IJTBHc","Faces"
"Street Talkin'","4TGHOWSNAwUXn5onDQr0P1","The Art Of Storytelling"
"With or Without It","25UUVStfTymLV7fKjp7xPC","With or Without It"
"Sittin' In My Car","1nsbj6cQQmfp9x7Mlmtphl","Behind Bars"
"Dennehy","4T3Vl4y9ggN9dPbYfKyYqh","Dennehy"
"Words Of Wisdom","0FNt0zNJT1JNnSIe8LqYxh","2Pacalypse Now"
"Shook Ones, Pt. II","33ZXjLCpiINn8eQIDYEPTD","The Infamous"
"Notion","4cHKd6qPMR1TMx55KHlida","Futureproof"
"Casual Acquaintances","3biCP8Epe7TgjzR62RfJ1X","Casual Acquaintances"
"Tic","0UqwIL59AsdSTdmewiWXvj","Tic"
"Keep Me in Mind","04vhOCGg0vXAxerKc0eQ5d","Little Joy"
"Salute Your Solution","4I3573QbRpER4HPzyFSFJa","Consolers of the Lonely"
"What You Know","3UjtIALeg72qmJiKPWBvM3","Tourist History"
"イエロー・マジック (東風)","12x2jPGYAjdiyemtFuqeU0","Yellow Magic Orchestra USA"
"Kolors","4IOYk6epkzXT38U4ShauZ6","Soulection White Label - Monte Booker"
"Jazz (We've Got)","7AgMX97ljLm9BzszyyXEYZ","The Low End Theory"
"Line by Line","5xgvMrYYHTIEtx7w1LEAn0","Line by Line"
"Victory Laps","0sQ9MCD0ichtBCSi8Khn3h","Victory Laps"
"Kon Queso","5SFMhTRSO8jL2PtamoO1Q7","MM...FOOD"
